{"cameraMode":{"drawMode":0,"name":"Shaded","section":"Shading Mode"},"sceneLighting":false,"audioPlay":false,"sceneViewState":{"m_AlwaysRefresh":false,"showFog":true,"showSkybox":true,"showFlares":true,"showImageEffects":true,"showParticleSystems":true,"showVisualEffectGraphs":true,"m_FxEnabled":true},"in2DMode":false,"pivot":{"x":9.554243087768555,"y":-1.8969635963439942,"z":12.237504005432129},"rotation":{"x":0.10587159544229508,"y":0.2568024694919586,"z":-0.028319867327809335,"w":0.9602757096290588},"size":8.672706604003907,"orthographic":false}